-- GENERATED SEED DATA FOR GOBI ARTS AND SCIENCE COLLEGE
-- Generated on 2026-02-20 11:39:59.785128

SET FOREIGN_KEY_CHECKS = 0;


CREATE DATABASE IF NOT EXISTS lab_allocation_system CHARACTER SET utf8mb4 COLLATE utf8mb4_unicode_ci;
USE lab_allocation_system;

DROP TABLE IF EXISTS activity_logs;
DROP TABLE IF EXISTS results;
DROP TABLE IF EXISTS submissions;
DROP TABLE IF EXISTS student_allocations;
DROP TABLE IF EXISTS exam_sessions;
DROP TABLE IF EXISTS staff_assignments;
DROP TABLE IF EXISTS student_subjects;
DROP TABLE IF EXISTS questions;
DROP TABLE IF EXISTS subjects;
DROP TABLE IF EXISTS labs;
DROP TABLE IF EXISTS students;
DROP TABLE IF EXISTS staff;
DROP TABLE IF EXISTS departments;
DROP TABLE IF EXISTS users;
DROP TABLE IF EXISTS notifications;

CREATE TABLE users (
    id INT AUTO_INCREMENT PRIMARY KEY,
    username VARCHAR(50) UNIQUE NOT NULL,
    password VARCHAR(255) NOT NULL,
    role ENUM('admin') DEFAULT 'admin',
    gender ENUM('Male', 'Female') DEFAULT 'Male',
    avatar_id INT DEFAULT 1,
    created_at TIMESTAMP DEFAULT CURRENT_TIMESTAMP
);

CREATE TABLE departments (
    id INT AUTO_INCREMENT PRIMARY KEY,
    department_name VARCHAR(100) UNIQUE NOT NULL,
    department_code VARCHAR(20) UNIQUE NOT NULL,
    description TEXT,
    created_at TIMESTAMP DEFAULT CURRENT_TIMESTAMP
);

CREATE TABLE staff (
    id INT AUTO_INCREMENT PRIMARY KEY,
    staff_id VARCHAR(20) UNIQUE NOT NULL,
    name VARCHAR(100) NOT NULL,
    email VARCHAR(100) UNIQUE NOT NULL,
    phone VARCHAR(20),
    gender ENUM('Male', 'Female', 'Other') DEFAULT 'Male',
    avatar_id INT DEFAULT 1,
    status ENUM('Active', 'Inactive') DEFAULT 'Active',
    password VARCHAR(255) NOT NULL,
    department VARCHAR(100),
    department_id INT NULL,
    created_by INT,
    created_at TIMESTAMP DEFAULT CURRENT_TIMESTAMP,
    FOREIGN KEY (created_by) REFERENCES users(id) ON DELETE SET NULL,
    FOREIGN KEY (department_id) REFERENCES departments(id) ON DELETE SET NULL
);

CREATE TABLE students (
    id INT AUTO_INCREMENT PRIMARY KEY,
    roll_number VARCHAR(20) UNIQUE NOT NULL,
    name VARCHAR(100) NOT NULL,
    email VARCHAR(100),
    phone VARCHAR(20),
    gender ENUM('Male', 'Female', 'Other') DEFAULT 'Male',
    avatar_id INT DEFAULT 1,
    department VARCHAR(100),
    department_id INT NULL,
    semester INT,
    system_no INT,
    password VARCHAR(255) NOT NULL,
    created_at TIMESTAMP DEFAULT CURRENT_TIMESTAMP,
    FOREIGN KEY (department_id) REFERENCES departments(id) ON DELETE SET NULL
);

CREATE TABLE labs (
    id INT AUTO_INCREMENT PRIMARY KEY,
    lab_name VARCHAR(100) NOT NULL,
    total_systems INT DEFAULT 70,
    location VARCHAR(200),
    seating_layout TEXT,
    created_at TIMESTAMP DEFAULT CURRENT_TIMESTAMP
);

CREATE TABLE subjects (
    id INT AUTO_INCREMENT PRIMARY KEY,
    subject_code VARCHAR(20) UNIQUE NOT NULL,
    subject_name VARCHAR(100) NOT NULL,
    language VARCHAR(50) NOT NULL,
    lab_id INT,
    department_id INT NULL,
    created_at TIMESTAMP DEFAULT CURRENT_TIMESTAMP,
    FOREIGN KEY (lab_id) REFERENCES labs(id) ON DELETE CASCADE,
    FOREIGN KEY (department_id) REFERENCES departments(id) ON DELETE SET NULL
);

CREATE TABLE student_subjects (
    id INT AUTO_INCREMENT PRIMARY KEY,
    student_id INT NOT NULL,
    subject_id INT NOT NULL,
    enrolled_at TIMESTAMP DEFAULT CURRENT_TIMESTAMP,
    FOREIGN KEY (student_id) REFERENCES students(id) ON DELETE CASCADE,
    FOREIGN KEY (subject_id) REFERENCES subjects(id) ON DELETE CASCADE,
    UNIQUE KEY unique_enrollment (student_id, subject_id)
);

CREATE TABLE questions (
    id INT AUTO_INCREMENT PRIMARY KEY,
    subject_id INT NOT NULL,
    question_title VARCHAR(200) NOT NULL,
    question_text TEXT NOT NULL,
    difficulty ENUM('Easy', 'Medium', 'Hard') DEFAULT 'Medium',
    pattern_category VARCHAR(50),
    sample_input TEXT,
    sample_output TEXT,
    expected_approach TEXT,
    created_by INT,
    created_at TIMESTAMP DEFAULT CURRENT_TIMESTAMP,
    FOREIGN KEY (subject_id) REFERENCES subjects(id) ON DELETE CASCADE
);

CREATE TABLE staff_assignments (
    id INT AUTO_INCREMENT PRIMARY KEY,
    staff_id INT NOT NULL,
    lab_id INT NOT NULL,
    subject_id INT NOT NULL,
    assigned_at TIMESTAMP DEFAULT CURRENT_TIMESTAMP,
    FOREIGN KEY (staff_id) REFERENCES staff(id) ON DELETE CASCADE,
    FOREIGN KEY (lab_id) REFERENCES labs(id) ON DELETE CASCADE,
    FOREIGN KEY (subject_id) REFERENCES subjects(id) ON DELETE CASCADE,
    UNIQUE KEY unique_assignment (staff_id, lab_id, subject_id)
);

CREATE TABLE exam_sessions (
    id INT AUTO_INCREMENT PRIMARY KEY,
    session_code VARCHAR(50) UNIQUE NOT NULL,
    subject_id INT NOT NULL,
    staff_id INT NOT NULL,
    lab_id INT NOT NULL,
    test_type ENUM('Practice', 'Weekly Test', 'Monthly Test', 'Internal Exam') NOT NULL,
    duration_minutes INT DEFAULT 0,
    current_submission_key VARCHAR(6) DEFAULT '000000',
    key_updated_at TIMESTAMP NULL,
    started_at TIMESTAMP DEFAULT CURRENT_TIMESTAMP,
    ended_at TIMESTAMP NULL,
    status ENUM('Active', 'Completed', 'Cancelled') DEFAULT 'Active',
    FOREIGN KEY (subject_id) REFERENCES subjects(id) ON DELETE CASCADE,
    FOREIGN KEY (staff_id) REFERENCES staff(id) ON DELETE CASCADE,
    FOREIGN KEY (lab_id) REFERENCES labs(id) ON DELETE CASCADE
);

CREATE TABLE student_allocations (
    id INT AUTO_INCREMENT PRIMARY KEY,
    session_id INT NOT NULL,
    student_id INT NOT NULL,
    system_no INT NOT NULL,
    question_1_id INT NOT NULL,
    question_2_id INT NOT NULL,
    allocated_at TIMESTAMP DEFAULT CURRENT_TIMESTAMP,
    status_q1 ENUM('Not Started', 'In Progress', 'Submitted') DEFAULT 'Not Started',
    status_q2 ENUM('Not Started', 'In Progress', 'Submitted') DEFAULT 'Not Started',
    can_resubmit_q1 BOOLEAN DEFAULT 0,
    can_resubmit_q2 BOOLEAN DEFAULT 0,
    is_completed BOOLEAN DEFAULT 0,
    completed_at TIMESTAMP NULL,
    draft_code_q1 LONGTEXT NULL,
    draft_code_q2 LONGTEXT NULL,
    FOREIGN KEY (session_id) REFERENCES exam_sessions(id) ON DELETE CASCADE,
    FOREIGN KEY (student_id) REFERENCES students(id) ON DELETE CASCADE,
    FOREIGN KEY (question_1_id) REFERENCES questions(id) ON DELETE CASCADE,
    FOREIGN KEY (question_2_id) REFERENCES questions(id) ON DELETE CASCADE,
    UNIQUE KEY unique_allocation (session_id, student_id)
);

CREATE TABLE submissions (
    id INT AUTO_INCREMENT PRIMARY KEY,
    allocation_id INT NOT NULL,
    question_id INT NOT NULL,
    submitted_code TEXT NOT NULL,
    submitted_at TIMESTAMP DEFAULT CURRENT_TIMESTAMP,
    marks DECIMAL(5,2) DEFAULT NULL,
    remarks TEXT,
    evaluated_by INT,
    evaluated_at TIMESTAMP NULL,
    FOREIGN KEY (allocation_id) REFERENCES student_allocations(id) ON DELETE CASCADE,
    FOREIGN KEY (question_id) REFERENCES questions(id) ON DELETE CASCADE
);

CREATE TABLE results (
    id INT AUTO_INCREMENT PRIMARY KEY,
    session_id INT NOT NULL,
    student_id INT NOT NULL,
    total_marks DECIMAL(5,2) DEFAULT 0,
    remarks TEXT,
    evaluated_by INT,
    evaluated_at TIMESTAMP NULL,
    FOREIGN KEY (session_id) REFERENCES exam_sessions(id) ON DELETE CASCADE,
    FOREIGN KEY (student_id) REFERENCES students(id) ON DELETE CASCADE
);

CREATE TABLE activity_logs (
    id INT AUTO_INCREMENT PRIMARY KEY,
    user_id INT,
    user_role ENUM('admin', 'staff', 'student') NOT NULL,
    activity_type VARCHAR(50) NOT NULL,
    description TEXT,
    ip_address VARCHAR(45),
    created_at TIMESTAMP DEFAULT CURRENT_TIMESTAMP
);

CREATE TABLE notifications (
    id INT AUTO_INCREMENT PRIMARY KEY,
    user_id INT,
    user_role ENUM('admin', 'staff', 'student'),
    title VARCHAR(100) NOT NULL,
    message TEXT NOT NULL,
    link VARCHAR(255),
    is_read BOOLEAN DEFAULT 0,
    icon VARCHAR(50) DEFAULT 'bi-bell',
    created_at TIMESTAMP DEFAULT CURRENT_TIMESTAMP,
    FOREIGN KEY (user_id) REFERENCES users(id) ON DELETE CASCADE
);
    

INSERT INTO users (username, password, gender, avatar_id) VALUES ('srinath', '$2y$10$d.e4U/TQ/3XM6CELuJe9OuCQhKFjZuKPcp4HKJ.48JFWxJkT7Bs0O', 'Male', 1);

INSERT INTO departments (department_name, department_code, description) VALUES
('Computer Science', 'CS', 'Computer Science Department'),
('Information Technology', 'IT', 'Information Technology Department'),
('AI & DS', 'AIDS', 'Artificial Intelligence and Data Science Department');

INSERT INTO labs (lab_name, total_systems, location, seating_layout) VALUES
('Main Computer Lab', 100, 'Main Block First Floor', '10x10 Grid'),
('AI Research Lab', 60, 'CS Bock Second Floor', 'Workstations'),
('Multimedia Lab', 60, 'IT Block', 'Rows');

INSERT INTO staff (staff_id, name, email, phone, gender, avatar_id, status, password, department, department_id, created_by) VALUES
('STF100', 'Dr. Muruganandham', 'muruganandham@gobi.edu', '9876557560', 'Male', 2, 'Active', '$2y$10$d.e4U/TQ/3XM6CELuJe9OuCQhKFjZuKPcp4HKJ.48JFWxJkT7Bs0O', 'Computer Science', 1, 1),
('STF101', 'Prof. Ezhil Selvan', 'ezhilselvan@gobi.edu', '9876574446', 'Male', 3, 'Active', '$2y$10$d.e4U/TQ/3XM6CELuJe9OuCQhKFjZuKPcp4HKJ.48JFWxJkT7Bs0O', 'Computer Science', 1, 1),
('STF102', 'Dr. S. Karthikeyan', 'skarthikeyan@gobi.edu', '9876510955', 'Male', 7, 'Active', '$2y$10$d.e4U/TQ/3XM6CELuJe9OuCQhKFjZuKPcp4HKJ.48JFWxJkT7Bs0O', 'Computer Science', 1, 1),
('STF103', 'Prof. R. Lakshmi', 'rlakshmi@gobi.edu', '9876523904', 'Female', 7, 'Active', '$2y$10$d.e4U/TQ/3XM6CELuJe9OuCQhKFjZuKPcp4HKJ.48JFWxJkT7Bs0O', 'Computer Science', 1, 1),
('STF104', 'Dr. M. Senthil Kumar', 'msenthilkumar@gobi.edu', '9876586832', 'Male', 1, 'Active', '$2y$10$d.e4U/TQ/3XM6CELuJe9OuCQhKFjZuKPcp4HKJ.48JFWxJkT7Bs0O', 'Information Technology', 2, 1),
('STF105', 'Prof. P. Gowri', 'pgowri@gobi.edu', '9876577390', 'Male', 1, 'Active', '$2y$10$d.e4U/TQ/3XM6CELuJe9OuCQhKFjZuKPcp4HKJ.48JFWxJkT7Bs0O', 'Information Technology', 2, 1),
('STF106', 'Dr. K. Balasubramanian', 'kbalasubramanian@gobi.edu', '9876575026', 'Male', 5, 'Active', '$2y$10$d.e4U/TQ/3XM6CELuJe9OuCQhKFjZuKPcp4HKJ.48JFWxJkT7Bs0O', 'Information Technology', 2, 1),
('STF107', 'Prof. J. Geetha', 'jgeetha@gobi.edu', '9876570031', 'Male', 4, 'Active', '$2y$10$d.e4U/TQ/3XM6CELuJe9OuCQhKFjZuKPcp4HKJ.48JFWxJkT7Bs0O', 'AI & DS', 3, 1),
('STF108', 'Dr. R. Venkatesh', 'rvenkatesh@gobi.edu', '9876532250', 'Male', 4, 'Active', '$2y$10$d.e4U/TQ/3XM6CELuJe9OuCQhKFjZuKPcp4HKJ.48JFWxJkT7Bs0O', 'AI & DS', 3, 1),
('STF109', 'Prof. S. Kavitha', 'skavitha@gobi.edu', '9876524518', 'Female', 2, 'Active', '$2y$10$d.e4U/TQ/3XM6CELuJe9OuCQhKFjZuKPcp4HKJ.48JFWxJkT7Bs0O', 'AI & DS', 3, 1);

INSERT INTO subjects (subject_code, subject_name, language, lab_id, department_id) VALUES
('CS101', 'C Programming', 'C', 2, 1),
('CS102', 'Advanced C', 'C', 1, 1),
('CS201', 'C++ Programming', 'C++', 1, 1),
('CS202', 'Data Structures', 'C++', 3, 1),
('IT301', 'Java Programming', 'Java', 1, 2),
('IT302', 'Advanced Java', 'Java', 1, 2),
('IT401', 'Python Basics', 'Python', 1, 2),
('AI402', 'Machine Learning', 'Python', 1, 3),
('AI501', 'Deep Learning', 'Python', 2, 3),
('AI502', 'RPA Tools', 'Python', 1, 3),
('WEB601', 'HTML & CSS', 'HTML', 3, 2),
('WEB602', 'JavaScript Frameworks', 'JavaScript', 3, 2),
('WEB603', 'NodeJS Backend', 'NodeJS', 1, 2),
('DB701', 'SQL Fundamentals', 'SQL', 3, 1),
('DB702', 'RDBMS Concepts', 'SQL', 2, 1),
('CLD801', 'Cloud Computing S3', 'Cloud', 2, 2);

-- Seeding Questions (Specific per Subject)
INSERT INTO questions (subject_id, question_title, question_text, difficulty, pattern_category, sample_input, sample_output) VALUES
(1, 'Sum of Two Numbers 1', 'Write a C program that prompts the user for two integers and displays their sum.', 'Easy', 'General', 'input', 'output'),
(1, 'Factorial 2', 'Write a C program to calculate the factorial of a given positive integer.', 'Medium', 'General', 'input', 'output'),
(1, 'Fibonacci Series 3', 'Write a C program to generate the Fibonacci series up to n terms.', 'Medium', 'General', 'input', 'output'),
(1, 'Palindrome Check 4', 'Write a C program to check whether a given number or string is a palindrome.', 'Medium', 'General', 'input', 'output'),
(1, 'Prime Number 5', 'Write a C program to check if a number is prime.', 'Medium', 'General', 'input', 'output'),
(1, 'Array Element Sum 6', 'Write a C program to find the sum of all elements in an integer array.', 'Easy', 'General', 'input', 'output'),
(1, 'Matrix Multiplication 7', 'Write a C program to multiply two matrices.', 'Hard', 'General', 'input', 'output'),
(1, 'Pointer Swap 8', 'Write a C program to swap two numbers using pointers.', 'Medium', 'General', 'input', 'output'),
(1, 'Student Structure 9', 'Create a structure for a student (name, roll, marks) and display details.', 'Medium', 'General', 'input', 'output'),
(1, 'File Read/Write 10', 'Write a C program that reads a string from the user and writes it to a file.', 'Hard', 'General', 'input', 'output'),
(1, 'String Reversal 11', 'Write a C program to reverse a string without using library functions.', 'Medium', 'General', 'input', 'output'),
(1, 'Bitwise Operators 12', 'Demonstrate the usage of AND, OR, and XOR bitwise operators in C.', 'Easy', 'General', 'input', 'output'),
(1, 'Limits Macro 13', 'Write a C program to print the limits of integer types using limits.h.', 'Easy', 'General', 'input', 'output'),
(1, 'GCD Recursion 14', 'Write a recursive C function to find the Greatest Common Divisor (GCD) of two numbers.', 'Medium', 'General', 'input', 'output'),
(1, 'Bubble Sort 15', 'Implement the Bubble Sort algorithm to sort an array of integers.', 'Medium', 'General', 'input', 'output'),
(2, 'Sum of Two Numbers 1', 'Write a C program that prompts the user for two integers and displays their sum.', 'Easy', 'General', 'input', 'output'),
(2, 'Factorial 2', 'Write a C program to calculate the factorial of a given positive integer.', 'Medium', 'General', 'input', 'output'),
(2, 'Fibonacci Series 3', 'Write a C program to generate the Fibonacci series up to n terms.', 'Medium', 'General', 'input', 'output'),
(2, 'Palindrome Check 4', 'Write a C program to check whether a given number or string is a palindrome.', 'Medium', 'General', 'input', 'output'),
(2, 'Prime Number 5', 'Write a C program to check if a number is prime.', 'Medium', 'General', 'input', 'output'),
(2, 'Array Element Sum 6', 'Write a C program to find the sum of all elements in an integer array.', 'Easy', 'General', 'input', 'output'),
(2, 'Matrix Multiplication 7', 'Write a C program to multiply two matrices.', 'Hard', 'General', 'input', 'output'),
(2, 'Pointer Swap 8', 'Write a C program to swap two numbers using pointers.', 'Medium', 'General', 'input', 'output'),
(2, 'Student Structure 9', 'Create a structure for a student (name, roll, marks) and display details.', 'Medium', 'General', 'input', 'output'),
(2, 'File Read/Write 10', 'Write a C program that reads a string from the user and writes it to a file.', 'Hard', 'General', 'input', 'output'),
(2, 'String Reversal 11', 'Write a C program to reverse a string without using library functions.', 'Medium', 'General', 'input', 'output'),
(2, 'Bitwise Operators 12', 'Demonstrate the usage of AND, OR, and XOR bitwise operators in C.', 'Easy', 'General', 'input', 'output'),
(2, 'Limits Macro 13', 'Write a C program to print the limits of integer types using limits.h.', 'Easy', 'General', 'input', 'output'),
(2, 'GCD Recursion 14', 'Write a recursive C function to find the Greatest Common Divisor (GCD) of two numbers.', 'Medium', 'General', 'input', 'output'),
(2, 'Bubble Sort 15', 'Implement the Bubble Sort algorithm to sort an array of integers.', 'Medium', 'General', 'input', 'output'),
(2, 'Binary Search 16', 'Implement the Binary Search algorithm to find an element in a sorted array.', 'Medium', 'General', 'input', 'output'),
(2, 'Enum Example 17', 'Write a C program to demonstrate the use of enum for days of the week.', 'Easy', 'General', 'input', 'output'),
(3, 'Sum of Two Numbers 1', 'Write a C program that prompts the user for two integers and displays their sum.', 'Easy', 'General', 'input', 'output'),
(3, 'Factorial 2', 'Write a C program to calculate the factorial of a given positive integer.', 'Medium', 'General', 'input', 'output'),
(3, 'Fibonacci Series 3', 'Write a C program to generate the Fibonacci series up to n terms.', 'Medium', 'General', 'input', 'output'),
(3, 'Palindrome Check 4', 'Write a C program to check whether a given number or string is a palindrome.', 'Medium', 'General', 'input', 'output'),
(3, 'Prime Number 5', 'Write a C program to check if a number is prime.', 'Medium', 'General', 'input', 'output'),
(3, 'Array Element Sum 6', 'Write a C program to find the sum of all elements in an integer array.', 'Easy', 'General', 'input', 'output'),
(3, 'Matrix Multiplication 7', 'Write a C program to multiply two matrices.', 'Hard', 'General', 'input', 'output'),
(3, 'Pointer Swap 8', 'Write a C program to swap two numbers using pointers.', 'Medium', 'General', 'input', 'output'),
(3, 'Student Structure 9', 'Create a structure for a student (name, roll, marks) and display details.', 'Medium', 'General', 'input', 'output'),
(3, 'File Read/Write 10', 'Write a C program that reads a string from the user and writes it to a file.', 'Hard', 'General', 'input', 'output'),
(3, 'String Reversal 11', 'Write a C program to reverse a string without using library functions.', 'Medium', 'General', 'input', 'output'),
(3, 'Bitwise Operators 12', 'Demonstrate the usage of AND, OR, and XOR bitwise operators in C.', 'Easy', 'General', 'input', 'output'),
(3, 'Limits Macro 13', 'Write a C program to print the limits of integer types using limits.h.', 'Easy', 'General', 'input', 'output'),
(3, 'GCD Recursion 14', 'Write a recursive C function to find the Greatest Common Divisor (GCD) of two numbers.', 'Medium', 'General', 'input', 'output'),
(3, 'Bubble Sort 15', 'Implement the Bubble Sort algorithm to sort an array of integers.', 'Medium', 'General', 'input', 'output'),
(4, 'Sum of Two Numbers 1', 'Write a C program that prompts the user for two integers and displays their sum.', 'Easy', 'General', 'input', 'output'),
(4, 'Factorial 2', 'Write a C program to calculate the factorial of a given positive integer.', 'Medium', 'General', 'input', 'output'),
(4, 'Fibonacci Series 3', 'Write a C program to generate the Fibonacci series up to n terms.', 'Medium', 'General', 'input', 'output'),
(4, 'Palindrome Check 4', 'Write a C program to check whether a given number or string is a palindrome.', 'Medium', 'General', 'input', 'output'),
(4, 'Prime Number 5', 'Write a C program to check if a number is prime.', 'Medium', 'General', 'input', 'output'),
(4, 'Array Element Sum 6', 'Write a C program to find the sum of all elements in an integer array.', 'Easy', 'General', 'input', 'output'),
(4, 'Matrix Multiplication 7', 'Write a C program to multiply two matrices.', 'Hard', 'General', 'input', 'output'),
(4, 'Pointer Swap 8', 'Write a C program to swap two numbers using pointers.', 'Medium', 'General', 'input', 'output'),
(4, 'Student Structure 9', 'Create a structure for a student (name, roll, marks) and display details.', 'Medium', 'General', 'input', 'output'),
(4, 'File Read/Write 10', 'Write a C program that reads a string from the user and writes it to a file.', 'Hard', 'General', 'input', 'output'),
(4, 'String Reversal 11', 'Write a C program to reverse a string without using library functions.', 'Medium', 'General', 'input', 'output'),
(4, 'Bitwise Operators 12', 'Demonstrate the usage of AND, OR, and XOR bitwise operators in C.', 'Easy', 'General', 'input', 'output'),
(4, 'Limits Macro 13', 'Write a C program to print the limits of integer types using limits.h.', 'Easy', 'General', 'input', 'output'),
(4, 'GCD Recursion 14', 'Write a recursive C function to find the Greatest Common Divisor (GCD) of two numbers.', 'Medium', 'General', 'input', 'output'),
(4, 'Bubble Sort 15', 'Implement the Bubble Sort algorithm to sort an array of integers.', 'Medium', 'General', 'input', 'output'),
(4, 'Binary Search 16', 'Implement the Binary Search algorithm to find an element in a sorted array.', 'Medium', 'General', 'input', 'output'),
(4, 'Enum Example 17', 'Write a C program to demonstrate the use of enum for days of the week.', 'Easy', 'General', 'input', 'output'),
(4, 'Union Example 18', 'Write a C program to demonstrate the memory sharing property of a union.', 'Easy', 'General', 'input', 'output'),
(5, 'Hello World 1', 'Write a Java program to print \'Hello World\'.', 'Easy', 'General', 'input', 'output'),
(5, 'Looping 2', 'Write a Java program to print numbers from 1 to 10 using a for loop.', 'Easy', 'General', 'input', 'output'),
(5, 'Class & Object 3', 'Create a Java class \'Car\' with attributes and methods.', 'Medium', 'General', 'input', 'output'),
(5, 'Inheritance 4', 'Demonstrate inheritance in Java with specific Parent and Child classes.', 'Medium', 'General', 'input', 'output'),
(5, 'Interface 5', 'Create a Java interface \'Playable\' and implement it in a class.', 'Medium', 'General', 'input', 'output'),
(5, 'Exception Handling 6', 'Demonstrate try-catch block in Java.', 'Easy', 'General', 'input', 'output'),
(5, 'ArrayList 7', 'Write a Java program to add and remove elements from an ArrayList.', 'Medium', 'General', 'input', 'output'),
(5, 'HashMap 8', 'Demonstrate storing key-value pairs in a Java HashMap.', 'Medium', 'General', 'input', 'output'),
(5, 'File IO 9', 'Write a Java program to read from a text file.', 'Hard', 'General', 'input', 'output'),
(5, 'Multithreading 10', 'Create a thread in Java by extending the Thread class.', 'Hard', 'General', 'input', 'output'),
(5, 'JDBC Connection 11', 'Write a code snippet to connect to a MySQL database using JDBC.', 'Hard', 'General', 'input', 'output'),
(5, 'Lambda Expression 12', 'Use a lambda expression to implement a functional interface.', 'Medium', 'General', 'input', 'output'),
(5, 'Stream API 13', 'Use Java Streams to filter a list of integers.', 'Hard', 'General', 'input', 'output'),
(5, 'Generics 14', 'Create a generic class in Java that can store any type of object.', 'Medium', 'General', 'input', 'output'),
(5, 'Serialization 15', 'Demonstrate object serialization in Java.', 'Hard', 'General', 'input', 'output'),
(5, 'Abstract Class 16', 'Create an abstract class and implement its method in a subclass.', 'Medium', 'General', 'input', 'output'),
(5, 'String Manipulation 17', 'Write a Java program to count vowels in a string.', 'Easy', 'General', 'input', 'output'),
(5, 'Polymorphism 18', 'Demonstrate method overriding in Java.', 'Medium', 'General', 'input', 'output'),
(5, 'Static Keyword 19', 'Explain and demonstrate the use of the static keyword.', 'Easy', 'General', 'input', 'output'),
(5, 'Final Keyword 20', 'Explain and demonstrate the use of the final keyword.', 'Easy', 'General', 'input', 'output'),
(6, 'Hello World 1', 'Write a Java program to print \'Hello World\'.', 'Easy', 'General', 'input', 'output'),
(6, 'Looping 2', 'Write a Java program to print numbers from 1 to 10 using a for loop.', 'Easy', 'General', 'input', 'output'),
(6, 'Class & Object 3', 'Create a Java class \'Car\' with attributes and methods.', 'Medium', 'General', 'input', 'output'),
(6, 'Inheritance 4', 'Demonstrate inheritance in Java with specific Parent and Child classes.', 'Medium', 'General', 'input', 'output'),
(6, 'Interface 5', 'Create a Java interface \'Playable\' and implement it in a class.', 'Medium', 'General', 'input', 'output'),
(6, 'Exception Handling 6', 'Demonstrate try-catch block in Java.', 'Easy', 'General', 'input', 'output'),
(6, 'ArrayList 7', 'Write a Java program to add and remove elements from an ArrayList.', 'Medium', 'General', 'input', 'output'),
(6, 'HashMap 8', 'Demonstrate storing key-value pairs in a Java HashMap.', 'Medium', 'General', 'input', 'output'),
(6, 'File IO 9', 'Write a Java program to read from a text file.', 'Hard', 'General', 'input', 'output'),
(6, 'Multithreading 10', 'Create a thread in Java by extending the Thread class.', 'Hard', 'General', 'input', 'output'),
(6, 'JDBC Connection 11', 'Write a code snippet to connect to a MySQL database using JDBC.', 'Hard', 'General', 'input', 'output'),
(6, 'Lambda Expression 12', 'Use a lambda expression to implement a functional interface.', 'Medium', 'General', 'input', 'output'),
(6, 'Stream API 13', 'Use Java Streams to filter a list of integers.', 'Hard', 'General', 'input', 'output'),
(6, 'Generics 14', 'Create a generic class in Java that can store any type of object.', 'Medium', 'General', 'input', 'output'),
(6, 'Serialization 15', 'Demonstrate object serialization in Java.', 'Hard', 'General', 'input', 'output'),
(6, 'Abstract Class 16', 'Create an abstract class and implement its method in a subclass.', 'Medium', 'General', 'input', 'output'),
(6, 'String Manipulation 17', 'Write a Java program to count vowels in a string.', 'Easy', 'General', 'input', 'output'),
(6, 'Polymorphism 18', 'Demonstrate method overriding in Java.', 'Medium', 'General', 'input', 'output'),
(6, 'Static Keyword 19', 'Explain and demonstrate the use of the static keyword.', 'Easy', 'General', 'input', 'output'),
(6, 'Final Keyword 20', 'Explain and demonstrate the use of the final keyword.', 'Easy', 'General', 'input', 'output'),
(7, 'List Comprehension 1', 'Write a Python script to create a list of squares for numbers 1 to 10 using list comprehension.', 'Easy', 'General', 'input', 'output'),
(7, 'Dictionary Operations 2', 'Create a dictionary representing a book and demonstrate adding and removing keys.', 'Easy', 'General', 'input', 'output'),
(7, 'Pandas CSV Read 3', 'Write a Python script using Pandas to read a CSV file and print the first 5 rows.', 'Medium', 'General', 'input', 'output'),
(7, 'Numpy Matrix 4', 'Use Numpy to create two specific matrices and calculate their dot product.', 'Medium', 'General', 'input', 'output'),
(7, 'Flask Route 5', 'Write a minimal Flask application with a route that returns \'Hello, World!\'.', 'Medium', 'General', 'input', 'output'),
(7, 'Lambda Sorting 6', 'Use a lambda function to sort a list of tuples based on the second element.', 'Easy', 'General', 'input', 'output'),
(7, 'Timing Decorator 7', 'Write a Python decorator that measures and prints the execution time of a function.', 'Hard', 'General', 'input', 'output'),
(7, 'Fibonacci Generator 8', 'Implement a Python generator that yields Fibonacci numbers up to n.', 'Medium', 'General', 'input', 'output'),
(7, 'Try-Except 9', 'Write a Python script that handles division by zero using a try-except block.', 'Easy', 'General', 'input', 'output'),
(7, 'File Context Manager 10', 'Write a Python script to read a file using the \'with\' statement.', 'Easy', 'General', 'input', 'output'),
(7, 'Regex Email Extraction 11', 'Write a Python script using the re module to find all email addresses in a text.', 'Medium', 'General', 'input', 'output'),
(7, 'Bank Account Class 12', 'Create a Python class \'BankAccount\' with deposit and withdraw methods.', 'Medium', 'General', 'input', 'output'),
(7, 'Inheritance 13', 'Demonstrate inheritance with a base class \'Shape\' and derived class \'Circle\'.', 'Medium', 'General', 'input', 'output'),
(7, 'Requests Get 14', 'Use the requests library to fetch the content of a URL and print the status code.', 'Medium', 'General', 'input', 'output'),
(7, 'JSON Parsing 15', 'Write a Python script to parse a JSON string into a dictionary and access a value.', 'Easy', 'General', 'input', 'output'),
(7, 'Unittest 16', 'Write a simple unittest case to verify a function that adds two numbers.', 'Medium', 'General', 'input', 'output'),
(8, 'List Comprehension 1', 'Write a Python script to create a list of squares for numbers 1 to 10 using list comprehension.', 'Easy', 'General', 'input', 'output'),
(8, 'Dictionary Operations 2', 'Create a dictionary representing a book and demonstrate adding and removing keys.', 'Easy', 'General', 'input', 'output'),
(8, 'Pandas CSV Read 3', 'Write a Python script using Pandas to read a CSV file and print the first 5 rows.', 'Medium', 'General', 'input', 'output'),
(8, 'Numpy Matrix 4', 'Use Numpy to create two specific matrices and calculate their dot product.', 'Medium', 'General', 'input', 'output'),
(8, 'Flask Route 5', 'Write a minimal Flask application with a route that returns \'Hello, World!\'.', 'Medium', 'General', 'input', 'output'),
(8, 'Lambda Sorting 6', 'Use a lambda function to sort a list of tuples based on the second element.', 'Easy', 'General', 'input', 'output'),
(8, 'Timing Decorator 7', 'Write a Python decorator that measures and prints the execution time of a function.', 'Hard', 'General', 'input', 'output'),
(8, 'Fibonacci Generator 8', 'Implement a Python generator that yields Fibonacci numbers up to n.', 'Medium', 'General', 'input', 'output'),
(8, 'Try-Except 9', 'Write a Python script that handles division by zero using a try-except block.', 'Easy', 'General', 'input', 'output'),
(8, 'File Context Manager 10', 'Write a Python script to read a file using the \'with\' statement.', 'Easy', 'General', 'input', 'output'),
(8, 'Regex Email Extraction 11', 'Write a Python script using the re module to find all email addresses in a text.', 'Medium', 'General', 'input', 'output'),
(8, 'Bank Account Class 12', 'Create a Python class \'BankAccount\' with deposit and withdraw methods.', 'Medium', 'General', 'input', 'output'),
(8, 'Inheritance 13', 'Demonstrate inheritance with a base class \'Shape\' and derived class \'Circle\'.', 'Medium', 'General', 'input', 'output'),
(8, 'Requests Get 14', 'Use the requests library to fetch the content of a URL and print the status code.', 'Medium', 'General', 'input', 'output'),
(8, 'JSON Parsing 15', 'Write a Python script to parse a JSON string into a dictionary and access a value.', 'Easy', 'General', 'input', 'output'),
(8, 'Unittest 16', 'Write a simple unittest case to verify a function that adds two numbers.', 'Medium', 'General', 'input', 'output'),
(8, 'Virtual Env Info 17', 'Write a script that prints the path of the current python executable to check venv.', 'Easy', 'General', 'input', 'output'),
(8, 'Pip Usage 18', 'Write a comment block explaining how to install \'requests\' using pip.', 'Easy', 'General', 'input', 'output'),
(8, 'Async Coroutine 19', 'Write a simple async function using asyncio that waits for 1 second and prints a message.', 'Hard', 'General', 'input', 'output'),
(8, 'Simple Regression 20', 'Use scikit-learn to perform a simple linear regression on dummy data.', 'Hard', 'General', 'input', 'output'),
(9, 'List Comprehension 1', 'Write a Python script to create a list of squares for numbers 1 to 10 using list comprehension.', 'Easy', 'General', 'input', 'output'),
(9, 'Dictionary Operations 2', 'Create a dictionary representing a book and demonstrate adding and removing keys.', 'Easy', 'General', 'input', 'output'),
(9, 'Pandas CSV Read 3', 'Write a Python script using Pandas to read a CSV file and print the first 5 rows.', 'Medium', 'General', 'input', 'output'),
(9, 'Numpy Matrix 4', 'Use Numpy to create two specific matrices and calculate their dot product.', 'Medium', 'General', 'input', 'output'),
(9, 'Flask Route 5', 'Write a minimal Flask application with a route that returns \'Hello, World!\'.', 'Medium', 'General', 'input', 'output'),
(9, 'Lambda Sorting 6', 'Use a lambda function to sort a list of tuples based on the second element.', 'Easy', 'General', 'input', 'output'),
(9, 'Timing Decorator 7', 'Write a Python decorator that measures and prints the execution time of a function.', 'Hard', 'General', 'input', 'output'),
(9, 'Fibonacci Generator 8', 'Implement a Python generator that yields Fibonacci numbers up to n.', 'Medium', 'General', 'input', 'output'),
(9, 'Try-Except 9', 'Write a Python script that handles division by zero using a try-except block.', 'Easy', 'General', 'input', 'output'),
(9, 'File Context Manager 10', 'Write a Python script to read a file using the \'with\' statement.', 'Easy', 'General', 'input', 'output'),
(9, 'Regex Email Extraction 11', 'Write a Python script using the re module to find all email addresses in a text.', 'Medium', 'General', 'input', 'output'),
(9, 'Bank Account Class 12', 'Create a Python class \'BankAccount\' with deposit and withdraw methods.', 'Medium', 'General', 'input', 'output'),
(9, 'Inheritance 13', 'Demonstrate inheritance with a base class \'Shape\' and derived class \'Circle\'.', 'Medium', 'General', 'input', 'output'),
(9, 'Requests Get 14', 'Use the requests library to fetch the content of a URL and print the status code.', 'Medium', 'General', 'input', 'output'),
(9, 'JSON Parsing 15', 'Write a Python script to parse a JSON string into a dictionary and access a value.', 'Easy', 'General', 'input', 'output'),
(9, 'Unittest 16', 'Write a simple unittest case to verify a function that adds two numbers.', 'Medium', 'General', 'input', 'output'),
(9, 'Virtual Env Info 17', 'Write a script that prints the path of the current python executable to check venv.', 'Easy', 'General', 'input', 'output'),
(9, 'Pip Usage 18', 'Write a comment block explaining how to install \'requests\' using pip.', 'Easy', 'General', 'input', 'output'),
(9, 'Async Coroutine 19', 'Write a simple async function using asyncio that waits for 1 second and prints a message.', 'Hard', 'General', 'input', 'output'),
(9, 'Simple Regression 20', 'Use scikit-learn to perform a simple linear regression on dummy data.', 'Hard', 'General', 'input', 'output'),
(10, 'List Comprehension 1', 'Write a Python script to create a list of squares for numbers 1 to 10 using list comprehension.', 'Easy', 'General', 'input', 'output'),
(10, 'Dictionary Operations 2', 'Create a dictionary representing a book and demonstrate adding and removing keys.', 'Easy', 'General', 'input', 'output'),
(10, 'Pandas CSV Read 3', 'Write a Python script using Pandas to read a CSV file and print the first 5 rows.', 'Medium', 'General', 'input', 'output'),
(10, 'Numpy Matrix 4', 'Use Numpy to create two specific matrices and calculate their dot product.', 'Medium', 'General', 'input', 'output'),
(10, 'Flask Route 5', 'Write a minimal Flask application with a route that returns \'Hello, World!\'.', 'Medium', 'General', 'input', 'output'),
(10, 'Lambda Sorting 6', 'Use a lambda function to sort a list of tuples based on the second element.', 'Easy', 'General', 'input', 'output'),
(10, 'Timing Decorator 7', 'Write a Python decorator that measures and prints the execution time of a function.', 'Hard', 'General', 'input', 'output'),
(10, 'Fibonacci Generator 8', 'Implement a Python generator that yields Fibonacci numbers up to n.', 'Medium', 'General', 'input', 'output'),
(10, 'Try-Except 9', 'Write a Python script that handles division by zero using a try-except block.', 'Easy', 'General', 'input', 'output'),
(10, 'File Context Manager 10', 'Write a Python script to read a file using the \'with\' statement.', 'Easy', 'General', 'input', 'output'),
(10, 'Regex Email Extraction 11', 'Write a Python script using the re module to find all email addresses in a text.', 'Medium', 'General', 'input', 'output'),
(10, 'Bank Account Class 12', 'Create a Python class \'BankAccount\' with deposit and withdraw methods.', 'Medium', 'General', 'input', 'output'),
(10, 'Inheritance 13', 'Demonstrate inheritance with a base class \'Shape\' and derived class \'Circle\'.', 'Medium', 'General', 'input', 'output'),
(10, 'Requests Get 14', 'Use the requests library to fetch the content of a URL and print the status code.', 'Medium', 'General', 'input', 'output'),
(10, 'JSON Parsing 15', 'Write a Python script to parse a JSON string into a dictionary and access a value.', 'Easy', 'General', 'input', 'output'),
(10, 'Unittest 16', 'Write a simple unittest case to verify a function that adds two numbers.', 'Medium', 'General', 'input', 'output'),
(10, 'Virtual Env Info 17', 'Write a script that prints the path of the current python executable to check venv.', 'Easy', 'General', 'input', 'output'),
(10, 'Pip Usage 18', 'Write a comment block explaining how to install \'requests\' using pip.', 'Easy', 'General', 'input', 'output'),
(10, 'Async Coroutine 19', 'Write a simple async function using asyncio that waits for 1 second and prints a message.', 'Hard', 'General', 'input', 'output'),
(11, 'Basic Structure 1', 'Write the basic HTML5 boilerplate structure.', 'Easy', 'General', 'input', 'output'),
(11, 'Headings 2', 'Demonstrate H1 to H6 tags.', 'Easy', 'General', 'input', 'output'),
(11, 'Paragraph 3', 'Write a paragraph with bold and italic text.', 'Easy', 'General', 'input', 'output'),
(11, 'Links 4', 'Create a hyperlink to google.com.', 'Easy', 'General', 'input', 'output'),
(11, 'Images 5', 'Embed an image with alt text.', 'Easy', 'General', 'input', 'output'),
(11, 'Lists 6', 'Create both ordered and unordered lists.', 'Easy', 'General', 'input', 'output'),
(11, 'Table 7', 'Create a simple table with 2 rows and 2 columns.', 'Medium', 'General', 'input', 'output'),
(11, 'Form 8', 'Create a form with text input and submit button.', 'Medium', 'General', 'input', 'output'),
(11, 'Input Types 9', 'Demonstrate email and password input types.', 'Easy', 'General', 'input', 'output'),
(11, 'Div vs Span 10', 'Explain difference between div and span.', 'Medium', 'General', 'input', 'output'),
(11, 'Attributes 11', 'Show usage of id and class attributes.', 'Easy', 'General', 'input', 'output'),
(11, 'Meta Tags 12', 'Add a viewport meta tag.', 'Medium', 'General', 'input', 'output'),
(11, 'Semantic Tags 13', 'Use header, footer, and section tags.', 'Medium', 'General', 'input', 'output'),
(11, 'Iframe 14', 'Embed a YouTube video using iframe.', 'Medium', 'General', 'input', 'output'),
(11, 'Audio/Video 15', 'Embed an audio file.', 'Medium', 'General', 'input', 'output'),
(12, 'Console Log 1', 'Write a JavaScript code to print to the console.', 'Easy', 'General', 'input', 'output'),
(12, 'Variables 2', 'Demonstrate let, const, and var usage.', 'Easy', 'General', 'input', 'output'),
(12, 'Arrow Function 3', 'Write an arrow function to add two numbers.', 'Easy', 'General', 'input', 'output'),
(12, 'DOM Manipulation 4', 'Write code to change the text content of an element by ID.', 'Medium', 'General', 'input', 'output'),
(12, 'Event Listener 5', 'Add a click event listener to a button.', 'Medium', 'General', 'input', 'output'),
(12, 'Fetch API 6', 'Use fetch() to get data from a public API.', 'Medium', 'General', 'input', 'output'),
(12, 'Promises 7', 'Create a simple Promise that resolves after 1 second.', 'Medium', 'General', 'input', 'output'),
(12, 'Async/Await 8', 'Rewrite a promise-based function using async/await.', 'Medium', 'General', 'input', 'output'),
(12, 'Map & Filter 9', 'Use map and filter on an array of numbers.', 'Medium', 'General', 'input', 'output'),
(12, 'Destructuring 10', 'Demonstrate object and array destructuring.', 'Easy', 'General', 'input', 'output'),
(12, 'Modules 11', 'Explain how to export and import functions in ES6.', 'Medium', 'General', 'input', 'output'),
(12, 'Closure 12', 'Write a function that demonstrates closure.', 'Hard', 'General', 'input', 'output'),
(12, 'Callback 13', 'Write a function that accepts a callback.', 'Medium', 'General', 'input', 'output'),
(12, 'JSON 14', 'Convert a JS object to JSON string and back.', 'Easy', 'General', 'input', 'output'),
(12, 'Local Storage 15', 'Write to and read from localStorage.', 'Easy', 'General', 'input', 'output'),
(12, 'Class Syntax 16', 'Create a class \'Person\' with a constructor.', 'Medium', 'General', 'input', 'output'),
(13, 'Sum of Two Numbers 1', 'Write a C program that prompts the user for two integers and displays their sum.', 'Easy', 'General', 'input', 'output'),
(13, 'Factorial 2', 'Write a C program to calculate the factorial of a given positive integer.', 'Medium', 'General', 'input', 'output'),
(13, 'Fibonacci Series 3', 'Write a C program to generate the Fibonacci series up to n terms.', 'Medium', 'General', 'input', 'output'),
(13, 'Palindrome Check 4', 'Write a C program to check whether a given number or string is a palindrome.', 'Medium', 'General', 'input', 'output'),
(13, 'Prime Number 5', 'Write a C program to check if a number is prime.', 'Medium', 'General', 'input', 'output'),
(13, 'Array Element Sum 6', 'Write a C program to find the sum of all elements in an integer array.', 'Easy', 'General', 'input', 'output'),
(13, 'Matrix Multiplication 7', 'Write a C program to multiply two matrices.', 'Hard', 'General', 'input', 'output'),
(13, 'Pointer Swap 8', 'Write a C program to swap two numbers using pointers.', 'Medium', 'General', 'input', 'output'),
(13, 'Student Structure 9', 'Create a structure for a student (name, roll, marks) and display details.', 'Medium', 'General', 'input', 'output'),
(13, 'File Read/Write 10', 'Write a C program that reads a string from the user and writes it to a file.', 'Hard', 'General', 'input', 'output'),
(13, 'String Reversal 11', 'Write a C program to reverse a string without using library functions.', 'Medium', 'General', 'input', 'output'),
(13, 'Bitwise Operators 12', 'Demonstrate the usage of AND, OR, and XOR bitwise operators in C.', 'Easy', 'General', 'input', 'output'),
(13, 'Limits Macro 13', 'Write a C program to print the limits of integer types using limits.h.', 'Easy', 'General', 'input', 'output'),
(13, 'GCD Recursion 14', 'Write a recursive C function to find the Greatest Common Divisor (GCD) of two numbers.', 'Medium', 'General', 'input', 'output'),
(13, 'Bubble Sort 15', 'Implement the Bubble Sort algorithm to sort an array of integers.', 'Medium', 'General', 'input', 'output'),
(13, 'Binary Search 16', 'Implement the Binary Search algorithm to find an element in a sorted array.', 'Medium', 'General', 'input', 'output'),
(13, 'Enum Example 17', 'Write a C program to demonstrate the use of enum for days of the week.', 'Easy', 'General', 'input', 'output'),
(14, 'Select All 1', 'Write a SQL query to select all columns from a table.', 'Easy', 'General', 'input', 'output'),
(14, 'Where Clause 2', 'Write a query to filter records where age > 18.', 'Easy', 'General', 'input', 'output'),
(14, 'Order By 3', 'Write a query to sort results by name in descending order.', 'Easy', 'General', 'input', 'output'),
(14, 'Inner Join 4', 'Write a query to join two tables \'users\' and \'orders\'.', 'Medium', 'General', 'input', 'output'),
(14, 'Left Join 5', 'Demonstrate a LEFT JOIN between \'students\' and \'courses\'.', 'Medium', 'General', 'input', 'output'),
(14, 'Count & Group By 6', 'Count the number of users in each city.', 'Medium', 'General', 'input', 'output'),
(14, 'Insert 7', 'Write an INSERT statement to add a new record.', 'Easy', 'General', 'input', 'output'),
(14, 'Update 8', 'Write an UPDATE statement to modify a record.', 'Easy', 'General', 'input', 'output'),
(14, 'Delete 9', 'Write a DELETE statement to remove a record.', 'Easy', 'General', 'input', 'output'),
(14, 'Create Table 10', 'Write a CREATE TABLE statement for a \'products\' table.', 'Medium', 'General', 'input', 'output'),
(14, 'Alter Table 11', 'Write a query to add a column to an existing table.', 'Medium', 'General', 'input', 'output'),
(14, 'Primary Key 12', 'Explain and define a Primary Key constraint.', 'Easy', 'General', 'input', 'output'),
(14, 'Foreign Key 13', 'Explain and define a Foreign Key constraint.', 'Medium', 'General', 'input', 'output'),
(14, 'Index 14', 'Write a query to create an index on a column.', 'Medium', 'General', 'input', 'output'),
(14, 'Subquery 15', 'Write a query utilizing a subquery in the WHERE clause.', 'Hard', 'General', 'input', 'output'),
(14, 'Limit 16', 'Write a query to fetch only the first 5 records.', 'Easy', 'General', 'input', 'output'),
(14, 'Distinct 17', 'Write a query to select unique values from a column.', 'Easy', 'General', 'input', 'output'),
(14, 'Like 18', 'Write a query to find names starting with \'A\'.', 'Easy', 'General', 'input', 'output'),
(14, 'Aggregate Functions 19', 'Demonstrate SUM, AVG, MIN, MAX.', 'Medium', 'General', 'input', 'output'),
(15, 'Select All 1', 'Write a SQL query to select all columns from a table.', 'Easy', 'General', 'input', 'output'),
(15, 'Where Clause 2', 'Write a query to filter records where age > 18.', 'Easy', 'General', 'input', 'output'),
(15, 'Order By 3', 'Write a query to sort results by name in descending order.', 'Easy', 'General', 'input', 'output'),
(15, 'Inner Join 4', 'Write a query to join two tables \'users\' and \'orders\'.', 'Medium', 'General', 'input', 'output'),
(15, 'Left Join 5', 'Demonstrate a LEFT JOIN between \'students\' and \'courses\'.', 'Medium', 'General', 'input', 'output'),
(15, 'Count & Group By 6', 'Count the number of users in each city.', 'Medium', 'General', 'input', 'output'),
(15, 'Insert 7', 'Write an INSERT statement to add a new record.', 'Easy', 'General', 'input', 'output'),
(15, 'Update 8', 'Write an UPDATE statement to modify a record.', 'Easy', 'General', 'input', 'output'),
(15, 'Delete 9', 'Write a DELETE statement to remove a record.', 'Easy', 'General', 'input', 'output'),
(15, 'Create Table 10', 'Write a CREATE TABLE statement for a \'products\' table.', 'Medium', 'General', 'input', 'output'),
(15, 'Alter Table 11', 'Write a query to add a column to an existing table.', 'Medium', 'General', 'input', 'output'),
(15, 'Primary Key 12', 'Explain and define a Primary Key constraint.', 'Easy', 'General', 'input', 'output'),
(15, 'Foreign Key 13', 'Explain and define a Foreign Key constraint.', 'Medium', 'General', 'input', 'output'),
(15, 'Index 14', 'Write a query to create an index on a column.', 'Medium', 'General', 'input', 'output'),
(15, 'Subquery 15', 'Write a query utilizing a subquery in the WHERE clause.', 'Hard', 'General', 'input', 'output'),
(15, 'Limit 16', 'Write a query to fetch only the first 5 records.', 'Easy', 'General', 'input', 'output'),
(15, 'Distinct 17', 'Write a query to select unique values from a column.', 'Easy', 'General', 'input', 'output'),
(15, 'Like 18', 'Write a query to find names starting with \'A\'.', 'Easy', 'General', 'input', 'output'),
(15, 'Aggregate Functions 19', 'Demonstrate SUM, AVG, MIN, MAX.', 'Medium', 'General', 'input', 'output'),
(15, 'Transactions 20', 'Explain BEGIN, COMMIT, and ROLLBACK.', 'Hard', 'General', 'input', 'output'),
(16, 'S3 Bucket 1', 'Explain how to create an S3 bucket.', 'Easy', 'General', 'input', 'output'),
(16, 'EC2 Instance 2', 'Describe steps to launch an EC2 instance.', 'Medium', 'General', 'input', 'output'),
(16, 'IAM Role 3', 'What is an IAM role and how is it used?', 'Medium', 'General', 'input', 'output'),
(16, 'VPC 4', 'Define Virtual Private Cloud (VPC).', 'Medium', 'General', 'input', 'output'),
(16, 'Lambda 5', 'What is AWS Lambda? Write a simple handler.', 'Hard', 'General', 'input', 'output'),
(16, 'RDS 6', 'How to set up a relational database in RDS.', 'Medium', 'General', 'input', 'output'),
(16, 'CloudWatch 7', 'How to monitor logs in CloudWatch.', 'Medium', 'General', 'input', 'output'),
(16, 'Route53 8', 'Explain DNS management with Route53.', 'Medium', 'General', 'input', 'output'),
(16, 'CloudFormation 9', 'What is Infrastructure as Code?', 'Hard', 'General', 'input', 'output'),
(16, 'S3 Static Site 10', 'Host a static website on S3.', 'Medium', 'General', 'input', 'output'),
(16, 'DynamoDB 11', 'Create a table in DynamoDB.', 'Medium', 'General', 'input', 'output'),
(16, 'SQS 12', 'Explain Simple Queue Service.', 'Hard', 'General', 'input', 'output'),
(16, 'SNS 13', 'Explain Simple Notification Service.', 'Hard', 'General', 'input', 'output'),
(16, 'ElasticIP 14', 'What is an Elastic IP?', 'Easy', 'General', 'input', 'output'),
(16, 'Security Group 15', 'Configure a security group for web access.', 'Medium', 'General', 'input', 'output'),
(16, 'S3 Bucket 16', 'Explain how to create an S3 bucket.', 'Easy', 'General', 'input', 'output'),
(16, 'EC2 Instance 17', 'Describe steps to launch an EC2 instance.', 'Medium', 'General', 'input', 'output'),
(16, 'IAM Role 18', 'What is an IAM role and how is it used?', 'Medium', 'General', 'input', 'output'),
(16, 'VPC 19', 'Define Virtual Private Cloud (VPC).', 'Medium', 'General', 'input', 'output');

INSERT INTO students (roll_number, name, email, phone, gender, avatar_id, department, department_id, semester, system_no, password) VALUES
('23-CS-001', 'Vanitha Sam', '23-cs-001@student.gobi.edu', '6389264114', 'Female', 5, 'Computer Science', 1, 3, 1, '$2y$10$Np6Y6skeO9FaXcSflR9gMe1By2sQOrVZIp87RIacjytw9DsZEQuc.'),
('23-CS-002', 'Revathi Pillai', '23-cs-002@student.gobi.edu', '6381847390', 'Female', 5, 'Computer Science', 1, 3, 2, '$2y$10$Np6Y6skeO9FaXcSflR9gMe1By2sQOrVZIp87RIacjytw9DsZEQuc.'),
('23-CS-003', 'Suganya Vel', '23-cs-003@student.gobi.edu', '6383040507', 'Female', 4, 'Computer Science', 1, 3, 3, '$2y$10$Np6Y6skeO9FaXcSflR9gMe1By2sQOrVZIp87RIacjytw9DsZEQuc.'),
('23-CS-004', 'Raja Balaji', '23-cs-004@student.gobi.edu', '6382106873', 'Male', 7, 'Computer Science', 1, 3, 4, '$2y$10$Np6Y6skeO9FaXcSflR9gMe1By2sQOrVZIp87RIacjytw9DsZEQuc.'),
('23-CS-005', 'Vanitha Narayanan', '23-cs-005@student.gobi.edu', '6388743771', 'Female', 7, 'Computer Science', 1, 3, 5, '$2y$10$Np6Y6skeO9FaXcSflR9gMe1By2sQOrVZIp87RIacjytw9DsZEQuc.'),
('23-CS-006', 'Thirumal Pillai', '23-cs-006@student.gobi.edu', '6384673978', 'Male', 1, 'Computer Science', 1, 3, 6, '$2y$10$Np6Y6skeO9FaXcSflR9gMe1By2sQOrVZIp87RIacjytw9DsZEQuc.'),
('23-CS-007', 'Divya Sam', '23-cs-007@student.gobi.edu', '6387132681', 'Female', 3, 'Computer Science', 1, 3, 7, '$2y$10$Np6Y6skeO9FaXcSflR9gMe1By2sQOrVZIp87RIacjytw9DsZEQuc.'),
('23-CS-008', 'Prakash Balaji', '23-cs-008@student.gobi.edu', '6382401731', 'Male', 6, 'Computer Science', 1, 3, 8, '$2y$10$Np6Y6skeO9FaXcSflR9gMe1By2sQOrVZIp87RIacjytw9DsZEQuc.'),
('23-CS-009', 'Hari Sundaram', '23-cs-009@student.gobi.edu', '6381261432', 'Male', 6, 'Computer Science', 1, 3, 9, '$2y$10$Np6Y6skeO9FaXcSflR9gMe1By2sQOrVZIp87RIacjytw9DsZEQuc.'),
('23-CS-010', 'Arun Naidu', '23-cs-010@student.gobi.edu', '6389318684', 'Male', 5, 'Computer Science', 1, 3, 10, '$2y$10$Np6Y6skeO9FaXcSflR9gMe1By2sQOrVZIp87RIacjytw9DsZEQuc.'),
('23-CS-011', 'Ramesh Sam', '23-cs-011@student.gobi.edu', '6383602934', 'Male', 7, 'Computer Science', 1, 3, 11, '$2y$10$Np6Y6skeO9FaXcSflR9gMe1By2sQOrVZIp87RIacjytw9DsZEQuc.'),
('23-CS-012', 'Sangeetha Rangan', '23-cs-012@student.gobi.edu', '6383648949', 'Female', 7, 'Computer Science', 1, 3, 12, '$2y$10$Np6Y6skeO9FaXcSflR9gMe1By2sQOrVZIp87RIacjytw9DsZEQuc.'),
('23-CS-013', 'Elango Kumar', '23-cs-013@student.gobi.edu', '6383481583', 'Male', 8, 'Computer Science', 1, 3, 13, '$2y$10$Np6Y6skeO9FaXcSflR9gMe1By2sQOrVZIp87RIacjytw9DsZEQuc.'),
('23-CS-014', 'Bhavani Rajan', '23-cs-014@student.gobi.edu', '6389669186', 'Female', 1, 'Computer Science', 1, 3, 14, '$2y$10$Np6Y6skeO9FaXcSflR9gMe1By2sQOrVZIp87RIacjytw9DsZEQuc.'),
('23-CS-015', 'Bhavani Narayanan', '23-cs-015@student.gobi.edu', '6383947376', 'Female', 4, 'Computer Science', 1, 3, 15, '$2y$10$Np6Y6skeO9FaXcSflR9gMe1By2sQOrVZIp87RIacjytw9DsZEQuc.'),
('23-CS-016', 'Divya Rao', '23-cs-016@student.gobi.edu', '6381835261', 'Female', 1, 'Computer Science', 1, 3, 16, '$2y$10$Np6Y6skeO9FaXcSflR9gMe1By2sQOrVZIp87RIacjytw9DsZEQuc.'),
('23-CS-017', 'Bhavani Sundaram', '23-cs-017@student.gobi.edu', '6387278597', 'Female', 3, 'Computer Science', 1, 3, 17, '$2y$10$Np6Y6skeO9FaXcSflR9gMe1By2sQOrVZIp87RIacjytw9DsZEQuc.'),
('23-CS-018', 'Elango Iyengar', '23-cs-018@student.gobi.edu', '6387865615', 'Male', 1, 'Computer Science', 1, 3, 18, '$2y$10$Np6Y6skeO9FaXcSflR9gMe1By2sQOrVZIp87RIacjytw9DsZEQuc.'),
('23-CS-019', 'Suganya Narayanan', '23-cs-019@student.gobi.edu', '6381447767', 'Female', 6, 'Computer Science', 1, 3, 19, '$2y$10$Np6Y6skeO9FaXcSflR9gMe1By2sQOrVZIp87RIacjytw9DsZEQuc.'),
('23-CS-020', 'Suganya Chettiar', '23-cs-020@student.gobi.edu', '6384502336', 'Female', 4, 'Computer Science', 1, 3, 20, '$2y$10$Np6Y6skeO9FaXcSflR9gMe1By2sQOrVZIp87RIacjytw9DsZEQuc.'),
('23-CS-021', 'Muthu Set', '23-cs-021@student.gobi.edu', '6388758373', 'Male', 2, 'Computer Science', 1, 3, 21, '$2y$10$Np6Y6skeO9FaXcSflR9gMe1By2sQOrVZIp87RIacjytw9DsZEQuc.'),
('23-CS-022', 'Vanitha Sam', '23-cs-022@student.gobi.edu', '6388285666', 'Female', 4, 'Computer Science', 1, 3, 22, '$2y$10$Np6Y6skeO9FaXcSflR9gMe1By2sQOrVZIp87RIacjytw9DsZEQuc.'),
('23-CS-023', 'Prabhu Rajan', '23-cs-023@student.gobi.edu', '6387726687', 'Male', 5, 'Computer Science', 1, 3, 23, '$2y$10$Np6Y6skeO9FaXcSflR9gMe1By2sQOrVZIp87RIacjytw9DsZEQuc.'),
('23-CS-024', 'Chandru Narayanan', '23-cs-024@student.gobi.edu', '6386749978', 'Male', 8, 'Computer Science', 1, 3, 24, '$2y$10$Np6Y6skeO9FaXcSflR9gMe1By2sQOrVZIp87RIacjytw9DsZEQuc.'),
('23-CS-025', 'Raja Sam', '23-cs-025@student.gobi.edu', '6382273894', 'Male', 7, 'Computer Science', 1, 3, 25, '$2y$10$Np6Y6skeO9FaXcSflR9gMe1By2sQOrVZIp87RIacjytw9DsZEQuc.'),
('23-CS-026', 'Senthil Gounder', '23-cs-026@student.gobi.edu', '6385886772', 'Male', 7, 'Computer Science', 1, 3, 26, '$2y$10$Np6Y6skeO9FaXcSflR9gMe1By2sQOrVZIp87RIacjytw9DsZEQuc.'),
('23-CS-027', 'Ramesh Swamy', '23-cs-027@student.gobi.edu', '6385312695', 'Male', 1, 'Computer Science', 1, 3, 27, '$2y$10$Np6Y6skeO9FaXcSflR9gMe1By2sQOrVZIp87RIacjytw9DsZEQuc.'),
('23-CS-028', 'Deepak Gounder', '23-cs-028@student.gobi.edu', '6385226942', 'Male', 3, 'Computer Science', 1, 3, 28, '$2y$10$Np6Y6skeO9FaXcSflR9gMe1By2sQOrVZIp87RIacjytw9DsZEQuc.'),
('23-CS-029', 'Karthik Nadar', '23-cs-029@student.gobi.edu', '6384754153', 'Male', 8, 'Computer Science', 1, 3, 29, '$2y$10$Np6Y6skeO9FaXcSflR9gMe1By2sQOrVZIp87RIacjytw9DsZEQuc.'),
('23-CS-030', 'Vikram Devar', '23-cs-030@student.gobi.edu', '6385494177', 'Male', 4, 'Computer Science', 1, 3, 30, '$2y$10$Np6Y6skeO9FaXcSflR9gMe1By2sQOrVZIp87RIacjytw9DsZEQuc.'),
('23-CS-031', 'Vikram Gounder', '23-cs-031@student.gobi.edu', '6389302110', 'Male', 4, 'Computer Science', 1, 3, 31, '$2y$10$Np6Y6skeO9FaXcSflR9gMe1By2sQOrVZIp87RIacjytw9DsZEQuc.'),
('23-CS-032', 'Shanthi Sundaram', '23-cs-032@student.gobi.edu', '6387158807', 'Female', 7, 'Computer Science', 1, 3, 32, '$2y$10$Np6Y6skeO9FaXcSflR9gMe1By2sQOrVZIp87RIacjytw9DsZEQuc.'),
('23-CS-033', 'Janani Mudaliar', '23-cs-033@student.gobi.edu', '6383503525', 'Female', 8, 'Computer Science', 1, 3, 33, '$2y$10$Np6Y6skeO9FaXcSflR9gMe1By2sQOrVZIp87RIacjytw9DsZEQuc.'),
('23-CS-034', 'Meena Moorthy', '23-cs-034@student.gobi.edu', '6386376598', 'Female', 8, 'Computer Science', 1, 3, 34, '$2y$10$Np6Y6skeO9FaXcSflR9gMe1By2sQOrVZIp87RIacjytw9DsZEQuc.'),
('23-IT-001', 'Manikandan Rao', '23-it-001@student.gobi.edu', '6389839090', 'Male', 2, 'Information Technology', 2, 3, 35, '$2y$10$Np6Y6skeO9FaXcSflR9gMe1By2sQOrVZIp87RIacjytw9DsZEQuc.'),
('23-IT-002', 'Arun Iyengar', '23-it-002@student.gobi.edu', '6384194363', 'Male', 2, 'Information Technology', 2, 3, 36, '$2y$10$Np6Y6skeO9FaXcSflR9gMe1By2sQOrVZIp87RIacjytw9DsZEQuc.'),
('23-IT-003', 'Meena Pillai', '23-it-003@student.gobi.edu', '6389011765', 'Female', 3, 'Information Technology', 2, 3, 37, '$2y$10$Np6Y6skeO9FaXcSflR9gMe1By2sQOrVZIp87RIacjytw9DsZEQuc.'),
('23-IT-004', 'Manikandan Gounder', '23-it-004@student.gobi.edu', '6389702555', 'Male', 1, 'Information Technology', 2, 3, 38, '$2y$10$Np6Y6skeO9FaXcSflR9gMe1By2sQOrVZIp87RIacjytw9DsZEQuc.'),
('23-IT-005', 'Priya Devar', '23-it-005@student.gobi.edu', '6382233989', 'Female', 5, 'Information Technology', 2, 3, 39, '$2y$10$Np6Y6skeO9FaXcSflR9gMe1By2sQOrVZIp87RIacjytw9DsZEQuc.'),
('23-IT-006', 'Ramesh Moorthy', '23-it-006@student.gobi.edu', '6384319673', 'Male', 8, 'Information Technology', 2, 3, 40, '$2y$10$Np6Y6skeO9FaXcSflR9gMe1By2sQOrVZIp87RIacjytw9DsZEQuc.'),
('23-IT-007', 'Vignesh Sam', '23-it-007@student.gobi.edu', '6381086813', 'Male', 6, 'Information Technology', 2, 3, 41, '$2y$10$Np6Y6skeO9FaXcSflR9gMe1By2sQOrVZIp87RIacjytw9DsZEQuc.'),
('23-IT-008', 'Saravanan Reddy', '23-it-008@student.gobi.edu', '6382382360', 'Male', 1, 'Information Technology', 2, 3, 42, '$2y$10$Np6Y6skeO9FaXcSflR9gMe1By2sQOrVZIp87RIacjytw9DsZEQuc.'),
('23-IT-009', 'Ashwin Nadar', '23-it-009@student.gobi.edu', '6382172058', 'Male', 2, 'Information Technology', 2, 3, 43, '$2y$10$Np6Y6skeO9FaXcSflR9gMe1By2sQOrVZIp87RIacjytw9DsZEQuc.'),
('23-IT-010', 'Abirami Mudaliar', '23-it-010@student.gobi.edu', '6385737152', 'Female', 1, 'Information Technology', 2, 3, 44, '$2y$10$Np6Y6skeO9FaXcSflR9gMe1By2sQOrVZIp87RIacjytw9DsZEQuc.'),
('23-IT-011', 'Arun Pillai', '23-it-011@student.gobi.edu', '6387789692', 'Male', 7, 'Information Technology', 2, 3, 45, '$2y$10$Np6Y6skeO9FaXcSflR9gMe1By2sQOrVZIp87RIacjytw9DsZEQuc.'),
('23-IT-012', 'Anitha Narayanan', '23-it-012@student.gobi.edu', '6389189828', 'Female', 7, 'Information Technology', 2, 3, 46, '$2y$10$Np6Y6skeO9FaXcSflR9gMe1By2sQOrVZIp87RIacjytw9DsZEQuc.'),
('23-IT-013', 'Thirumal Natc', '23-it-013@student.gobi.edu', '6381574907', 'Male', 5, 'Information Technology', 2, 3, 47, '$2y$10$Np6Y6skeO9FaXcSflR9gMe1By2sQOrVZIp87RIacjytw9DsZEQuc.'),
('23-IT-014', 'Deepa Krishnan', '23-it-014@student.gobi.edu', '6386414239', 'Female', 6, 'Information Technology', 2, 3, 48, '$2y$10$Np6Y6skeO9FaXcSflR9gMe1By2sQOrVZIp87RIacjytw9DsZEQuc.'),
('23-IT-015', 'Vignesh Kumar', '23-it-015@student.gobi.edu', '6384602171', 'Male', 1, 'Information Technology', 2, 3, 49, '$2y$10$Np6Y6skeO9FaXcSflR9gMe1By2sQOrVZIp87RIacjytw9DsZEQuc.'),
('23-IT-016', 'Anitha Sam', '23-it-016@student.gobi.edu', '6381878553', 'Female', 1, 'Information Technology', 2, 3, 50, '$2y$10$Np6Y6skeO9FaXcSflR9gMe1By2sQOrVZIp87RIacjytw9DsZEQuc.'),
('23-IT-017', 'Saravanan Moorthy', '23-it-017@student.gobi.edu', '6388643342', 'Male', 3, 'Information Technology', 2, 3, 51, '$2y$10$Np6Y6skeO9FaXcSflR9gMe1By2sQOrVZIp87RIacjytw9DsZEQuc.'),
('23-IT-018', 'Naveen Kumar', '23-it-018@student.gobi.edu', '6389405668', 'Male', 4, 'Information Technology', 2, 3, 52, '$2y$10$Np6Y6skeO9FaXcSflR9gMe1By2sQOrVZIp87RIacjytw9DsZEQuc.'),
('23-IT-019', 'Muthu Balaji', '23-it-019@student.gobi.edu', '6382354266', 'Male', 7, 'Information Technology', 2, 3, 53, '$2y$10$Np6Y6skeO9FaXcSflR9gMe1By2sQOrVZIp87RIacjytw9DsZEQuc.'),
('23-IT-020', 'Karthika Pillai', '23-it-020@student.gobi.edu', '6389361086', 'Female', 3, 'Information Technology', 2, 3, 54, '$2y$10$Np6Y6skeO9FaXcSflR9gMe1By2sQOrVZIp87RIacjytw9DsZEQuc.'),
('23-IT-021', 'Malathi Sundaram', '23-it-021@student.gobi.edu', '6388659960', 'Female', 7, 'Information Technology', 2, 3, 55, '$2y$10$Np6Y6skeO9FaXcSflR9gMe1By2sQOrVZIp87RIacjytw9DsZEQuc.'),
('23-IT-022', 'Abirami Sam', '23-it-022@student.gobi.edu', '6386138907', 'Female', 7, 'Information Technology', 2, 3, 56, '$2y$10$Np6Y6skeO9FaXcSflR9gMe1By2sQOrVZIp87RIacjytw9DsZEQuc.'),
('23-IT-023', 'Sangeetha Sam', '23-it-023@student.gobi.edu', '6381266245', 'Female', 8, 'Information Technology', 2, 3, 57, '$2y$10$Np6Y6skeO9FaXcSflR9gMe1By2sQOrVZIp87RIacjytw9DsZEQuc.'),
('23-IT-024', 'Janani Mudaliar', '23-it-024@student.gobi.edu', '6384718316', 'Female', 3, 'Information Technology', 2, 3, 58, '$2y$10$Np6Y6skeO9FaXcSflR9gMe1By2sQOrVZIp87RIacjytw9DsZEQuc.'),
('23-IT-025', 'Karthik Pillai', '23-it-025@student.gobi.edu', '6388092095', 'Male', 3, 'Information Technology', 2, 3, 59, '$2y$10$Np6Y6skeO9FaXcSflR9gMe1By2sQOrVZIp87RIacjytw9DsZEQuc.'),
('23-IT-026', 'Indhu Reddy', '23-it-026@student.gobi.edu', '6388490789', 'Female', 7, 'Information Technology', 2, 3, 60, '$2y$10$Np6Y6skeO9FaXcSflR9gMe1By2sQOrVZIp87RIacjytw9DsZEQuc.'),
('23-IT-027', 'Yogesh Rajan', '23-it-027@student.gobi.edu', '6386317985', 'Male', 7, 'Information Technology', 2, 3, 61, '$2y$10$Np6Y6skeO9FaXcSflR9gMe1By2sQOrVZIp87RIacjytw9DsZEQuc.'),
('23-IT-028', 'Pooja Swamy', '23-it-028@student.gobi.edu', '6383376193', 'Female', 7, 'Information Technology', 2, 3, 62, '$2y$10$Np6Y6skeO9FaXcSflR9gMe1By2sQOrVZIp87RIacjytw9DsZEQuc.'),
('23-IT-029', 'Vanitha Vel', '23-it-029@student.gobi.edu', '6386572878', 'Female', 7, 'Information Technology', 2, 3, 63, '$2y$10$Np6Y6skeO9FaXcSflR9gMe1By2sQOrVZIp87RIacjytw9DsZEQuc.'),
('23-IT-030', 'Vikram Iyer', '23-it-030@student.gobi.edu', '6381196044', 'Male', 2, 'Information Technology', 2, 3, 64, '$2y$10$Np6Y6skeO9FaXcSflR9gMe1By2sQOrVZIp87RIacjytw9DsZEQuc.'),
('23-IT-031', 'Ilango Iyer', '23-it-031@student.gobi.edu', '6383169984', 'Male', 5, 'Information Technology', 2, 3, 65, '$2y$10$Np6Y6skeO9FaXcSflR9gMe1By2sQOrVZIp87RIacjytw9DsZEQuc.'),
('23-IT-032', 'Deepa Kumar', '23-it-032@student.gobi.edu', '6387567387', 'Female', 8, 'Information Technology', 2, 3, 66, '$2y$10$Np6Y6skeO9FaXcSflR9gMe1By2sQOrVZIp87RIacjytw9DsZEQuc.'),
('23-IT-033', 'Jayakumar Chandran', '23-it-033@student.gobi.edu', '6386340284', 'Male', 1, 'Information Technology', 2, 3, 67, '$2y$10$Np6Y6skeO9FaXcSflR9gMe1By2sQOrVZIp87RIacjytw9DsZEQuc.'),
('23-AI-001', 'Vasanth Reddy', '23-ai-001@student.gobi.edu', '6387868869', 'Male', 3, 'AI & DS', 3, 3, 68, '$2y$10$Np6Y6skeO9FaXcSflR9gMe1By2sQOrVZIp87RIacjytw9DsZEQuc.'),
('23-AI-002', 'Prakash Devar', '23-ai-002@student.gobi.edu', '6389846820', 'Male', 5, 'AI & DS', 3, 3, 69, '$2y$10$Np6Y6skeO9FaXcSflR9gMe1By2sQOrVZIp87RIacjytw9DsZEQuc.'),
('23-AI-003', 'Sangeetha Rangan', '23-ai-003@student.gobi.edu', '6381839925', 'Female', 4, 'AI & DS', 3, 3, 70, '$2y$10$Np6Y6skeO9FaXcSflR9gMe1By2sQOrVZIp87RIacjytw9DsZEQuc.'),
('23-AI-004', 'Manikandan Vel', '23-ai-004@student.gobi.edu', '6389013129', 'Male', 1, 'AI & DS', 3, 3, 1, '$2y$10$Np6Y6skeO9FaXcSflR9gMe1By2sQOrVZIp87RIacjytw9DsZEQuc.'),
('23-AI-005', 'Malathi Kumar', '23-ai-005@student.gobi.edu', '6382486492', 'Female', 2, 'AI & DS', 3, 3, 2, '$2y$10$Np6Y6skeO9FaXcSflR9gMe1By2sQOrVZIp87RIacjytw9DsZEQuc.'),
('23-AI-006', 'Deepa Chettiar', '23-ai-006@student.gobi.edu', '6382542821', 'Female', 4, 'AI & DS', 3, 3, 3, '$2y$10$Np6Y6skeO9FaXcSflR9gMe1By2sQOrVZIp87RIacjytw9DsZEQuc.'),
('23-AI-007', 'Vignesh Reddy', '23-ai-007@student.gobi.edu', '6382770920', 'Male', 4, 'AI & DS', 3, 3, 4, '$2y$10$Np6Y6skeO9FaXcSflR9gMe1By2sQOrVZIp87RIacjytw9DsZEQuc.'),
('23-AI-008', 'Eswari Iyengar', '23-ai-008@student.gobi.edu', '6381888385', 'Female', 1, 'AI & DS', 3, 3, 5, '$2y$10$Np6Y6skeO9FaXcSflR9gMe1By2sQOrVZIp87RIacjytw9DsZEQuc.'),
('23-AI-009', 'Prabhu Swamy', '23-ai-009@student.gobi.edu', '6384767707', 'Male', 8, 'AI & DS', 3, 3, 6, '$2y$10$Np6Y6skeO9FaXcSflR9gMe1By2sQOrVZIp87RIacjytw9DsZEQuc.'),
('23-AI-010', 'Deepak Natc', '23-ai-010@student.gobi.edu', '6381640501', 'Male', 8, 'AI & DS', 3, 3, 7, '$2y$10$Np6Y6skeO9FaXcSflR9gMe1By2sQOrVZIp87RIacjytw9DsZEQuc.'),
('23-AI-011', 'Bhavani Moorthy', '23-ai-011@student.gobi.edu', '6381138639', 'Female', 7, 'AI & DS', 3, 3, 8, '$2y$10$Np6Y6skeO9FaXcSflR9gMe1By2sQOrVZIp87RIacjytw9DsZEQuc.'),
('23-AI-012', 'Naveen Pillai', '23-ai-012@student.gobi.edu', '6381180905', 'Male', 1, 'AI & DS', 3, 3, 9, '$2y$10$Np6Y6skeO9FaXcSflR9gMe1By2sQOrVZIp87RIacjytw9DsZEQuc.'),
('23-AI-013', 'Manikandan Mudaliar', '23-ai-013@student.gobi.edu', '6384892163', 'Male', 3, 'AI & DS', 3, 3, 10, '$2y$10$Np6Y6skeO9FaXcSflR9gMe1By2sQOrVZIp87RIacjytw9DsZEQuc.'),
('23-AI-014', 'Shanthi Swamy', '23-ai-014@student.gobi.edu', '6385256103', 'Female', 8, 'AI & DS', 3, 3, 11, '$2y$10$Np6Y6skeO9FaXcSflR9gMe1By2sQOrVZIp87RIacjytw9DsZEQuc.'),
('23-AI-015', 'Vidya Naidu', '23-ai-015@student.gobi.edu', '6385403007', 'Female', 6, 'AI & DS', 3, 3, 12, '$2y$10$Np6Y6skeO9FaXcSflR9gMe1By2sQOrVZIp87RIacjytw9DsZEQuc.'),
('23-AI-016', 'Bhavani Sam', '23-ai-016@student.gobi.edu', '6386061923', 'Female', 7, 'AI & DS', 3, 3, 13, '$2y$10$Np6Y6skeO9FaXcSflR9gMe1By2sQOrVZIp87RIacjytw9DsZEQuc.'),
('23-AI-017', 'Jayakumar Reddy', '23-ai-017@student.gobi.edu', '6386649863', 'Male', 7, 'AI & DS', 3, 3, 14, '$2y$10$Np6Y6skeO9FaXcSflR9gMe1By2sQOrVZIp87RIacjytw9DsZEQuc.'),
('23-AI-018', 'Preethi Vel', '23-ai-018@student.gobi.edu', '6385142253', 'Female', 4, 'AI & DS', 3, 3, 15, '$2y$10$Np6Y6skeO9FaXcSflR9gMe1By2sQOrVZIp87RIacjytw9DsZEQuc.'),
('23-AI-019', 'Karthik Iyengar', '23-ai-019@student.gobi.edu', '6382537946', 'Male', 4, 'AI & DS', 3, 3, 16, '$2y$10$Np6Y6skeO9FaXcSflR9gMe1By2sQOrVZIp87RIacjytw9DsZEQuc.'),
('23-AI-020', 'Uma Vel', '23-ai-020@student.gobi.edu', '6382403980', 'Female', 2, 'AI & DS', 3, 3, 17, '$2y$10$Np6Y6skeO9FaXcSflR9gMe1By2sQOrVZIp87RIacjytw9DsZEQuc.'),
('23-AI-021', 'Priya Chettiar', '23-ai-021@student.gobi.edu', '6388720029', 'Female', 2, 'AI & DS', 3, 3, 18, '$2y$10$Np6Y6skeO9FaXcSflR9gMe1By2sQOrVZIp87RIacjytw9DsZEQuc.'),
('23-AI-022', 'Vanitha Chandran', '23-ai-022@student.gobi.edu', '6387565306', 'Female', 3, 'AI & DS', 3, 3, 19, '$2y$10$Np6Y6skeO9FaXcSflR9gMe1By2sQOrVZIp87RIacjytw9DsZEQuc.'),
('23-AI-023', 'Manikandan Moorthy', '23-ai-023@student.gobi.edu', '6385541031', 'Male', 3, 'AI & DS', 3, 3, 20, '$2y$10$Np6Y6skeO9FaXcSflR9gMe1By2sQOrVZIp87RIacjytw9DsZEQuc.'),
('23-AI-024', 'Vijay Naidu', '23-ai-024@student.gobi.edu', '6384727618', 'Male', 2, 'AI & DS', 3, 3, 21, '$2y$10$Np6Y6skeO9FaXcSflR9gMe1By2sQOrVZIp87RIacjytw9DsZEQuc.'),
('23-AI-025', 'Ganesh Reddy', '23-ai-025@student.gobi.edu', '6381755617', 'Male', 8, 'AI & DS', 3, 3, 22, '$2y$10$Np6Y6skeO9FaXcSflR9gMe1By2sQOrVZIp87RIacjytw9DsZEQuc.'),
('23-AI-026', 'Suganya Sundaram', '23-ai-026@student.gobi.edu', '6383813202', 'Female', 3, 'AI & DS', 3, 3, 23, '$2y$10$Np6Y6skeO9FaXcSflR9gMe1By2sQOrVZIp87RIacjytw9DsZEQuc.'),
('23-AI-027', 'Vasanth Devar', '23-ai-027@student.gobi.edu', '6386780464', 'Male', 3, 'AI & DS', 3, 3, 24, '$2y$10$Np6Y6skeO9FaXcSflR9gMe1By2sQOrVZIp87RIacjytw9DsZEQuc.'),
('23-AI-028', 'Deepak Set', '23-ai-028@student.gobi.edu', '6387774203', 'Male', 7, 'AI & DS', 3, 3, 25, '$2y$10$Np6Y6skeO9FaXcSflR9gMe1By2sQOrVZIp87RIacjytw9DsZEQuc.'),
('23-AI-029', 'Eswari Chandran', '23-ai-029@student.gobi.edu', '6381916461', 'Female', 4, 'AI & DS', 3, 3, 26, '$2y$10$Np6Y6skeO9FaXcSflR9gMe1By2sQOrVZIp87RIacjytw9DsZEQuc.'),
('23-AI-030', 'Lakshman Rajan', '23-ai-030@student.gobi.edu', '6385142141', 'Male', 1, 'AI & DS', 3, 3, 27, '$2y$10$Np6Y6skeO9FaXcSflR9gMe1By2sQOrVZIp87RIacjytw9DsZEQuc.'),
('23-AI-031', 'Manikandan Rangan', '23-ai-031@student.gobi.edu', '6388140251', 'Male', 2, 'AI & DS', 3, 3, 28, '$2y$10$Np6Y6skeO9FaXcSflR9gMe1By2sQOrVZIp87RIacjytw9DsZEQuc.'),
('23-AI-032', 'Yogesh Rajan', '23-ai-032@student.gobi.edu', '6382206669', 'Male', 6, 'AI & DS', 3, 3, 29, '$2y$10$Np6Y6skeO9FaXcSflR9gMe1By2sQOrVZIp87RIacjytw9DsZEQuc.'),
('23-AI-033', 'Hema Iyengar', '23-ai-033@student.gobi.edu', '6384218717', 'Female', 3, 'AI & DS', 3, 3, 30, '$2y$10$Np6Y6skeO9FaXcSflR9gMe1By2sQOrVZIp87RIacjytw9DsZEQuc.');
-- Total Students Generated: 100

INSERT INTO staff_assignments (staff_id, lab_id, subject_id) VALUES
(1, 2, 1),
(2, 2, 1),
(3, 1, 2),
(2, 1, 2),
(4, 1, 3),
(2, 1, 3),
(4, 3, 4),
(3, 3, 4),
(7, 1, 5),
(5, 1, 5),
(6, 1, 6),
(5, 1, 6),
(7, 1, 7),
(5, 1, 7),
(10, 1, 8),
(8, 1, 8),
(10, 2, 9),
(8, 2, 9),
(8, 1, 10),
(9, 1, 10),
(5, 3, 11),
(6, 3, 11),
(5, 3, 12),
(6, 3, 12),
(5, 1, 13),
(7, 1, 13),
(1, 3, 14),
(4, 3, 14),
(4, 2, 15),
(1, 2, 15),
(3, 2, 16),
(1, 2, 16);

INSERT INTO student_subjects (student_id, subject_id) VALUES
(1, 3),
(1, 4),
(1, 15),
(2, 15),
(2, 2),
(2, 14),
(3, 3),
(3, 15),
(3, 2),
(4, 3),
(4, 15),
(4, 1),
(5, 4),
(5, 2),
(6, 3),
(6, 1),
(6, 15),
(7, 14),
(7, 16),
(8, 15),
(8, 3),
(8, 1),
(9, 3),
(9, 2),
(10, 16),
(10, 14),
(11, 14),
(11, 1),
(12, 4),
(12, 15),
(13, 14),
(13, 1),
(14, 15),
(14, 2),
(15, 16),
(15, 2),
(16, 3),
(16, 14),
(16, 1),
(17, 4),
(17, 1),
(17, 14),
(18, 3),
(18, 14),
(18, 15),
(19, 4),
(19, 2),
(20, 16),
(20, 4),
(21, 15),
(21, 3),
(21, 16),
(22, 1),
(22, 16),
(22, 4),
(23, 16),
(23, 3),
(24, 16),
(24, 15),
(25, 16),
(25, 3),
(25, 4),
(26, 3),
(26, 2),
(26, 1),
(27, 16),
(27, 3),
(27, 2),
(28, 3),
(28, 1),
(29, 15),
(29, 3),
(29, 4),
(30, 14),
(30, 2),
(30, 16),
(31, 16),
(31, 15),
(31, 14),
(32, 4),
(32, 2),
(32, 1),
(33, 3),
(33, 1),
(33, 14),
(34, 16),
(34, 1),
(35, 13),
(35, 6),
(35, 12),
(36, 12),
(36, 6),
(36, 13),
(37, 7),
(37, 11),
(37, 13),
(38, 5),
(38, 12),
(39, 13),
(39, 5),
(39, 6),
(40, 5),
(40, 13),
(40, 7),
(41, 11),
(41, 12),
(42, 12),
(42, 5),
(43, 6),
(43, 12),
(44, 13),
(44, 7),
(44, 11),
(45, 5),
(45, 6),
(46, 13),
(46, 6),
(46, 12),
(47, 12),
(47, 7),
(48, 13),
(48, 11),
(48, 6),
(49, 6),
(49, 7),
(50, 7),
(50, 5),
(51, 7),
(51, 6),
(52, 5),
(52, 12),
(53, 11),
(53, 6),
(54, 11),
(54, 5),
(55, 7),
(55, 12),
(56, 5),
(56, 6),
(57, 5),
(57, 6),
(57, 11),
(58, 6),
(58, 12),
(59, 6),
(59, 7),
(59, 11),
(60, 12),
(60, 7),
(61, 6),
(61, 13),
(62, 5),
(62, 12),
(62, 7),
(63, 5),
(63, 13),
(63, 12),
(64, 12),
(64, 6),
(64, 11),
(65, 6),
(65, 12),
(65, 7),
(66, 12),
(66, 7),
(66, 6),
(67, 13),
(67, 12),
(68, 9),
(68, 10),
(69, 8),
(69, 9),
(70, 8),
(70, 10),
(70, 9),
(71, 8),
(71, 10),
(71, 9),
(72, 8),
(72, 10),
(73, 9),
(73, 8),
(73, 10),
(74, 8),
(74, 10),
(75, 9),
(75, 10),
(75, 8),
(76, 10),
(76, 8),
(77, 8),
(77, 10),
(77, 9),
(78, 8),
(78, 9),
(79, 8),
(79, 9),
(79, 10),
(80, 10),
(80, 8),
(80, 9),
(81, 8),
(81, 9),
(82, 8),
(82, 9),
(82, 10),
(83, 8),
(83, 9),
(83, 10),
(84, 10),
(84, 9),
(85, 9),
(85, 8),
(86, 8),
(86, 9),
(86, 10),
(87, 9),
(87, 8),
(88, 9),
(88, 10),
(88, 8),
(89, 10),
(89, 8),
(89, 9),
(90, 9),
(90, 8),
(91, 10),
(91, 9),
(92, 10),
(92, 9),
(93, 8),
(93, 10),
(94, 9),
(94, 10),
(95, 10),
(95, 8),
(95, 9),
(96, 10),
(96, 8),
(96, 9),
(97, 8),
(97, 9),
(98, 10),
(98, 9),
(98, 8),
(99, 10),
(99, 9),
(100, 9),
(100, 8);

SET FOREIGN_KEY_CHECKS = 1;